,circuit,top_nb2,acc_random
0,s13207,0.44217367,0.6033333333333332
