,circuit,top_nb2,acc_random
0,s13207,0.44217367,0.5968526315789621
