{"clusterTimeOnTrainingSet": 1.8437597751617432, "clusterTimeOnTestSet": 0.05833697319030762}