{"clusterTimeOnTrainingSet": 2.5800511837005615, "clusterTimeOnTestSet": 0.11188602447509766}