{"clusterTimeOnTrainingSet": 0.008562803268432617, "clusterNumberOnTrainSet": 28, "clusterTimeOnTestSet": 0.004494190216064453, "clusterNumberOnTestSet": 4}