{"clusterTimeOnTrainingSet": 1.001124620437622, "clusterTimeOnTestSet": 0.0261685848236084}