{"clusterTimeOnTrainingSet": 0.22098779678344727, "clusterTimeOnTestSet": 0.004879951477050781}