{"clusterNumberOnTrainSet": 2, "clusterTimeOnTrainingSet": 0.013103723526000977, "clusterNumberOnTestSet": 2, "clusterTimeOnTestSet": 18.669772148132324}